CREATE TABLE IF NOT EXISTS "auth_group" ("id" integer NOT NULL PRIMARY KEY AUTOINCREMENT, "name" varchar(150) NOT NULL UNIQUE);
CREATE UNIQUE INDEX "auth_group_permissions_group_id_permission_id_0cd325b0_uniq" ON "auth_group_permissions" ("group_id", "permission_id");
CREATE INDEX IF NOT EXISTS "auth_group_permissions_group_id_b120cbf9" ON "auth_group_permissions" ("group_id");
CREATE INDEX IF NOT EXISTS "auth_group_permissions_permission_id_84c5c92e" ON "auth_group_permissions" ("permission_id");
CREATE UNIQUE INDEX "auth_user_groups_user_id_group_id_94350c0c_uniq" ON "auth_user_groups" ("user_id", "group_id");
CREATE INDEX IF NOT EXISTS "auth_user_groups_user_id_6a12ed8b" ON "auth_user_groups" ("user_id");
CREATE INDEX IF NOT EXISTS "auth_user_groups_group_id_97559544" ON "auth_user_groups" ("group_id");
CREATE UNIQUE INDEX "auth_user_user_permissions_user_id_permission_id_14a6b632_uniq" ON "auth_user_user_permissions" ("user_id", "permission_id");
CREATE INDEX IF NOT EXISTS "auth_user_user_permissions_user_id_a95ead1b" ON "auth_user_user_permissions" ("user_id");
CREATE INDEX IF NOT EXISTS "auth_user_user_permissions_permission_id_1fbb5f2c" ON "auth_user_user_permissions" ("permission_id");
CREATE INDEX IF NOT EXISTS "django_admin_log_content_type_id_c4bce8eb" ON "django_admin_log" ("content_type_id");
CREATE INDEX IF NOT EXISTS "django_admin_log_user_id_c564eba6" ON "django_admin_log" ("user_id");
CREATE UNIQUE INDEX "django_content_type_app_label_model_76bd3d3b_uniq" ON "django_content_type" ("app_label", "model");
CREATE UNIQUE INDEX "auth_permission_content_type_id_codename_01ab375a_uniq" ON "auth_permission" ("content_type_id", "codename");
CREATE INDEX IF NOT EXISTS "auth_permission_content_type_id_2f476e4b" ON "auth_permission" ("content_type_id");
CREATE INDEX IF NOT EXISTS "django_session_expire_date_a5c62663" ON "django_session" ("expire_date");
CREATE INDEX IF NOT EXISTS "expense_category_user_id_id_399a3ad6" ON "expense_category" ("user_id_id");
CREATE INDEX IF NOT EXISTS "expense_transaction_info_category_id_id_901c1c0a" ON "expense_transaction_info" ("category_id_id");
CREATE INDEX IF NOT EXISTS "expense_transaction_info_user_id_id_2b95f282" ON "expense_transaction_info" ("user_id_id");
CREATE INDEX IF NOT EXISTS "expense_money_info_user_id_id_a95d3669" ON "expense_money_info" ("user_id_id");
CREATE TABLE IF NOT EXISTS "auth_group_permissions" ("id" integer NOT NULL PRIMARY KEY AUTOINCREMENT, "group_id" integer NOT NULL REFERENCES "auth_group" ("id") DEFERRABLE INITIALLY DEFERRED, "permission_id" integer NOT NULL REFERENCES "auth_permission" ("id") DEFERRABLE INITIALLY DEFERRED);
CREATE UNIQUE INDEX "auth_group_permissions_group_id_permission_id_0cd325b0_uniq" ON "auth_group_permissions" ("group_id", "permission_id");
CREATE INDEX IF NOT EXISTS "auth_group_permissions_group_id_b120cbf9" ON "auth_group_permissions" ("group_id");
CREATE INDEX IF NOT EXISTS "auth_group_permissions_permission_id_84c5c92e" ON "auth_group_permissions" ("permission_id");
CREATE UNIQUE INDEX "auth_user_groups_user_id_group_id_94350c0c_uniq" ON "auth_user_groups" ("user_id", "group_id");
CREATE INDEX IF NOT EXISTS "auth_user_groups_user_id_6a12ed8b" ON "auth_user_groups" ("user_id");
CREATE INDEX IF NOT EXISTS "auth_user_groups_group_id_97559544" ON "auth_user_groups" ("group_id");
CREATE UNIQUE INDEX "auth_user_user_permissions_user_id_permission_id_14a6b632_uniq" ON "auth_user_user_permissions" ("user_id", "permission_id");
CREATE INDEX IF NOT EXISTS "auth_user_user_permissions_user_id_a95ead1b" ON "auth_user_user_permissions" ("user_id");
CREATE INDEX IF NOT EXISTS "auth_user_user_permissions_permission_id_1fbb5f2c" ON "auth_user_user_permissions" ("permission_id");
CREATE INDEX IF NOT EXISTS "django_admin_log_content_type_id_c4bce8eb" ON "django_admin_log" ("content_type_id");
CREATE INDEX IF NOT EXISTS "django_admin_log_user_id_c564eba6" ON "django_admin_log" ("user_id");
CREATE UNIQUE INDEX "django_content_type_app_label_model_76bd3d3b_uniq" ON "django_content_type" ("app_label", "model");
CREATE UNIQUE INDEX "auth_permission_content_type_id_codename_01ab375a_uniq" ON "auth_permission" ("content_type_id", "codename");
CREATE INDEX IF NOT EXISTS "auth_permission_content_type_id_2f476e4b" ON "auth_permission" ("content_type_id");
CREATE INDEX IF NOT EXISTS "django_session_expire_date_a5c62663" ON "django_session" ("expire_date");
CREATE INDEX IF NOT EXISTS "expense_category_user_id_id_399a3ad6" ON "expense_category" ("user_id_id");
CREATE INDEX IF NOT EXISTS "expense_transaction_info_category_id_id_901c1c0a" ON "expense_transaction_info" ("category_id_id");
CREATE INDEX IF NOT EXISTS "expense_transaction_info_user_id_id_2b95f282" ON "expense_transaction_info" ("user_id_id");
CREATE INDEX IF NOT EXISTS "expense_money_info_user_id_id_a95d3669" ON "expense_money_info" ("user_id_id");
CREATE TABLE IF NOT EXISTS "auth_permission" ("id" integer NOT NULL PRIMARY KEY AUTOINCREMENT, "content_type_id" integer NOT NULL REFERENCES "django_content_type" ("id") DEFERRABLE INITIALLY DEFERRED, "codename" varchar(100) NOT NULL, "name" varchar(255) NOT NULL);
INSERT INTO "auth_permission" VALUES(1,1,'add_user','Can add user');
INSERT INTO "auth_permission" VALUES(2,1,'change_user','Can change user');
INSERT INTO "auth_permission" VALUES(3,1,'delete_user','Can delete user');
INSERT INTO "auth_permission" VALUES(4,1,'view_user','Can view user');
INSERT INTO "auth_permission" VALUES(5,2,'add_logentry','Can add log entry');
INSERT INTO "auth_permission" VALUES(6,2,'change_logentry','Can change log entry');
INSERT INTO "auth_permission" VALUES(7,2,'delete_logentry','Can delete log entry');
INSERT INTO "auth_permission" VALUES(8,2,'view_logentry','Can view log entry');
INSERT INTO "auth_permission" VALUES(9,3,'add_permission','Can add permission');
INSERT INTO "auth_permission" VALUES(10,3,'change_permission','Can change permission');
INSERT INTO "auth_permission" VALUES(11,3,'delete_permission','Can delete permission');
INSERT INTO "auth_permission" VALUES(12,3,'view_permission','Can view permission');
INSERT INTO "auth_permission" VALUES(13,4,'add_group','Can add group');
INSERT INTO "auth_permission" VALUES(14,4,'change_group','Can change group');
INSERT INTO "auth_permission" VALUES(15,4,'delete_group','Can delete group');
INSERT INTO "auth_permission" VALUES(16,4,'view_group','Can view group');
INSERT INTO "auth_permission" VALUES(17,5,'add_user','Can add user');
INSERT INTO "auth_permission" VALUES(18,5,'change_user','Can change user');
INSERT INTO "auth_permission" VALUES(19,5,'delete_user','Can delete user');
INSERT INTO "auth_permission" VALUES(20,5,'view_user','Can view user');
INSERT INTO "auth_permission" VALUES(21,6,'add_contenttype','Can add content type');
INSERT INTO "auth_permission" VALUES(22,6,'change_contenttype','Can change content type');
INSERT INTO "auth_permission" VALUES(23,6,'delete_contenttype','Can delete content type');
INSERT INTO "auth_permission" VALUES(24,6,'view_contenttype','Can view content type');
INSERT INTO "auth_permission" VALUES(25,7,'add_session','Can add session');
INSERT INTO "auth_permission" VALUES(26,7,'change_session','Can change session');
INSERT INTO "auth_permission" VALUES(27,7,'delete_session','Can delete session');
INSERT INTO "auth_permission" VALUES(28,7,'view_session','Can view session');
INSERT INTO "auth_permission" VALUES(29,8,'add_category','Can add category');
INSERT INTO "auth_permission" VALUES(30,8,'change_category','Can change category');
INSERT INTO "auth_permission" VALUES(31,8,'delete_category','Can delete category');
INSERT INTO "auth_permission" VALUES(32,8,'view_category','Can view category');
INSERT INTO "auth_permission" VALUES(33,9,'add_transaction_info','Can add transaction_info');
INSERT INTO "auth_permission" VALUES(34,9,'change_transaction_info','Can change transaction_info');
INSERT INTO "auth_permission" VALUES(35,9,'delete_transaction_info','Can delete transaction_info');
INSERT INTO "auth_permission" VALUES(36,9,'view_transaction_info','Can view transaction_info');
INSERT INTO "auth_permission" VALUES(37,10,'add_money_info','Can add money_info');
INSERT INTO "auth_permission" VALUES(38,10,'change_money_info','Can change money_info');
INSERT INTO "auth_permission" VALUES(39,10,'delete_money_info','Can delete money_info');
INSERT INTO "auth_permission" VALUES(40,10,'view_money_info','Can view money_info');
CREATE UNIQUE INDEX "auth_group_permissions_group_id_permission_id_0cd325b0_uniq" ON "auth_group_permissions" ("group_id", "permission_id");
CREATE INDEX IF NOT EXISTS "auth_group_permissions_group_id_b120cbf9" ON "auth_group_permissions" ("group_id");
CREATE INDEX IF NOT EXISTS "auth_group_permissions_permission_id_84c5c92e" ON "auth_group_permissions" ("permission_id");
CREATE UNIQUE INDEX "auth_user_groups_user_id_group_id_94350c0c_uniq" ON "auth_user_groups" ("user_id", "group_id");
CREATE INDEX IF NOT EXISTS "auth_user_groups_user_id_6a12ed8b" ON "auth_user_groups" ("user_id");
CREATE INDEX IF NOT EXISTS "auth_user_groups_group_id_97559544" ON "auth_user_groups" ("group_id");
CREATE UNIQUE INDEX "auth_user_user_permissions_user_id_permission_id_14a6b632_uniq" ON "auth_user_user_permissions" ("user_id", "permission_id");
CREATE INDEX IF NOT EXISTS "auth_user_user_permissions_user_id_a95ead1b" ON "auth_user_user_permissions" ("user_id");
CREATE INDEX IF NOT EXISTS "auth_user_user_permissions_permission_id_1fbb5f2c" ON "auth_user_user_permissions" ("permission_id");
CREATE INDEX IF NOT EXISTS "django_admin_log_content_type_id_c4bce8eb" ON "django_admin_log" ("content_type_id");
CREATE INDEX IF NOT EXISTS "django_admin_log_user_id_c564eba6" ON "django_admin_log" ("user_id");
CREATE UNIQUE INDEX "django_content_type_app_label_model_76bd3d3b_uniq" ON "django_content_type" ("app_label", "model");
CREATE UNIQUE INDEX "auth_permission_content_type_id_codename_01ab375a_uniq" ON "auth_permission" ("content_type_id", "codename");
CREATE INDEX IF NOT EXISTS "auth_permission_content_type_id_2f476e4b" ON "auth_permission" ("content_type_id");
CREATE INDEX IF NOT EXISTS "django_session_expire_date_a5c62663" ON "django_session" ("expire_date");
CREATE INDEX IF NOT EXISTS "expense_category_user_id_id_399a3ad6" ON "expense_category" ("user_id_id");
CREATE INDEX IF NOT EXISTS "expense_transaction_info_category_id_id_901c1c0a" ON "expense_transaction_info" ("category_id_id");
CREATE INDEX IF NOT EXISTS "expense_transaction_info_user_id_id_2b95f282" ON "expense_transaction_info" ("user_id_id");
CREATE INDEX IF NOT EXISTS "expense_money_info_user_id_id_a95d3669" ON "expense_money_info" ("user_id_id");
CREATE TABLE IF NOT EXISTS "auth_user" ("id" integer NOT NULL PRIMARY KEY AUTOINCREMENT, "password" varchar(128) NOT NULL, "last_login" datetime NULL, "is_superuser" bool NOT NULL, "username" varchar(150) NOT NULL UNIQUE, "last_name" varchar(150) NOT NULL, "email" varchar(254) NOT NULL, "is_staff" bool NOT NULL, "is_active" bool NOT NULL, "date_joined" datetime NOT NULL, "first_name" varchar(150) NOT NULL);
INSERT INTO "auth_user" VALUES(1,'pbkdf2_sha256$260000$jHUqgBCvFYVgDBJuA28lgJ$HVl2XCF5BTB2CTjcZDWLmtK5HDuaueC/E43x3IOjgsE=','2021-06-07 13:15:15.123577',1,'uspend','','abhishek.tank129@gmail.com',1,1,'2021-06-01 12:44:38.357457','');
INSERT INTO "auth_user" VALUES(7,'pbkdf2_sha256$260000$UBqhVg0ghqhHiti0qAc0JL$7gxX9hDvHdIUjhPof6MFdUojypDid1uZs5p9o6E9dEY=','2021-06-07 14:29:19.727851',0,'test','user','test@gmail.com',0,1,'2021-06-02 12:38:28.589481','test');
CREATE UNIQUE INDEX "auth_group_permissions_group_id_permission_id_0cd325b0_uniq" ON "auth_group_permissions" ("group_id", "permission_id");
CREATE INDEX IF NOT EXISTS "auth_group_permissions_group_id_b120cbf9" ON "auth_group_permissions" ("group_id");
CREATE INDEX IF NOT EXISTS "auth_group_permissions_permission_id_84c5c92e" ON "auth_group_permissions" ("permission_id");
CREATE UNIQUE INDEX "auth_user_groups_user_id_group_id_94350c0c_uniq" ON "auth_user_groups" ("user_id", "group_id");
CREATE INDEX IF NOT EXISTS "auth_user_groups_user_id_6a12ed8b" ON "auth_user_groups" ("user_id");
CREATE INDEX IF NOT EXISTS "auth_user_groups_group_id_97559544" ON "auth_user_groups" ("group_id");
CREATE UNIQUE INDEX "auth_user_user_permissions_user_id_permission_id_14a6b632_uniq" ON "auth_user_user_permissions" ("user_id", "permission_id");
CREATE INDEX IF NOT EXISTS "auth_user_user_permissions_user_id_a95ead1b" ON "auth_user_user_permissions" ("user_id");
CREATE INDEX IF NOT EXISTS "auth_user_user_permissions_permission_id_1fbb5f2c" ON "auth_user_user_permissions" ("permission_id");
CREATE INDEX IF NOT EXISTS "django_admin_log_content_type_id_c4bce8eb" ON "django_admin_log" ("content_type_id");
CREATE INDEX IF NOT EXISTS "django_admin_log_user_id_c564eba6" ON "django_admin_log" ("user_id");
CREATE UNIQUE INDEX "django_content_type_app_label_model_76bd3d3b_uniq" ON "django_content_type" ("app_label", "model");
CREATE UNIQUE INDEX "auth_permission_content_type_id_codename_01ab375a_uniq" ON "auth_permission" ("content_type_id", "codename");
CREATE INDEX IF NOT EXISTS "auth_permission_content_type_id_2f476e4b" ON "auth_permission" ("content_type_id");
CREATE INDEX IF NOT EXISTS "django_session_expire_date_a5c62663" ON "django_session" ("expire_date");
CREATE INDEX IF NOT EXISTS "expense_category_user_id_id_399a3ad6" ON "expense_category" ("user_id_id");
CREATE INDEX IF NOT EXISTS "expense_transaction_info_category_id_id_901c1c0a" ON "expense_transaction_info" ("category_id_id");
CREATE INDEX IF NOT EXISTS "expense_transaction_info_user_id_id_2b95f282" ON "expense_transaction_info" ("user_id_id");
CREATE INDEX IF NOT EXISTS "expense_money_info_user_id_id_a95d3669" ON "expense_money_info" ("user_id_id");
CREATE TABLE IF NOT EXISTS "auth_user_groups" ("id" integer NOT NULL PRIMARY KEY AUTOINCREMENT, "user_id" integer NOT NULL REFERENCES "auth_user" ("id") DEFERRABLE INITIALLY DEFERRED, "group_id" integer NOT NULL REFERENCES "auth_group" ("id") DEFERRABLE INITIALLY DEFERRED);
CREATE UNIQUE INDEX "auth_group_permissions_group_id_permission_id_0cd325b0_uniq" ON "auth_group_permissions" ("group_id", "permission_id");
CREATE INDEX IF NOT EXISTS "auth_group_permissions_group_id_b120cbf9" ON "auth_group_permissions" ("group_id");
CREATE INDEX IF NOT EXISTS "auth_group_permissions_permission_id_84c5c92e" ON "auth_group_permissions" ("permission_id");
CREATE UNIQUE INDEX "auth_user_groups_user_id_group_id_94350c0c_uniq" ON "auth_user_groups" ("user_id", "group_id");
CREATE INDEX IF NOT EXISTS "auth_user_groups_user_id_6a12ed8b" ON "auth_user_groups" ("user_id");
CREATE INDEX IF NOT EXISTS "auth_user_groups_group_id_97559544" ON "auth_user_groups" ("group_id");
CREATE UNIQUE INDEX "auth_user_user_permissions_user_id_permission_id_14a6b632_uniq" ON "auth_user_user_permissions" ("user_id", "permission_id");
CREATE INDEX IF NOT EXISTS "auth_user_user_permissions_user_id_a95ead1b" ON "auth_user_user_permissions" ("user_id");
CREATE INDEX IF NOT EXISTS "auth_user_user_permissions_permission_id_1fbb5f2c" ON "auth_user_user_permissions" ("permission_id");
CREATE INDEX IF NOT EXISTS "django_admin_log_content_type_id_c4bce8eb" ON "django_admin_log" ("content_type_id");
CREATE INDEX IF NOT EXISTS "django_admin_log_user_id_c564eba6" ON "django_admin_log" ("user_id");
CREATE UNIQUE INDEX "django_content_type_app_label_model_76bd3d3b_uniq" ON "django_content_type" ("app_label", "model");
CREATE UNIQUE INDEX "auth_permission_content_type_id_codename_01ab375a_uniq" ON "auth_permission" ("content_type_id", "codename");
CREATE INDEX IF NOT EXISTS "auth_permission_content_type_id_2f476e4b" ON "auth_permission" ("content_type_id");
CREATE INDEX IF NOT EXISTS "django_session_expire_date_a5c62663" ON "django_session" ("expire_date");
CREATE INDEX IF NOT EXISTS "expense_category_user_id_id_399a3ad6" ON "expense_category" ("user_id_id");
CREATE INDEX IF NOT EXISTS "expense_transaction_info_category_id_id_901c1c0a" ON "expense_transaction_info" ("category_id_id");
CREATE INDEX IF NOT EXISTS "expense_transaction_info_user_id_id_2b95f282" ON "expense_transaction_info" ("user_id_id");
CREATE INDEX IF NOT EXISTS "expense_money_info_user_id_id_a95d3669" ON "expense_money_info" ("user_id_id");
CREATE TABLE IF NOT EXISTS "auth_user_user_permissions" ("id" integer NOT NULL PRIMARY KEY AUTOINCREMENT, "user_id" integer NOT NULL REFERENCES "auth_user" ("id") DEFERRABLE INITIALLY DEFERRED, "permission_id" integer NOT NULL REFERENCES "auth_permission" ("id") DEFERRABLE INITIALLY DEFERRED);
CREATE UNIQUE INDEX "auth_group_permissions_group_id_permission_id_0cd325b0_uniq" ON "auth_group_permissions" ("group_id", "permission_id");
CREATE INDEX IF NOT EXISTS "auth_group_permissions_group_id_b120cbf9" ON "auth_group_permissions" ("group_id");
CREATE INDEX IF NOT EXISTS "auth_group_permissions_permission_id_84c5c92e" ON "auth_group_permissions" ("permission_id");
CREATE UNIQUE INDEX "auth_user_groups_user_id_group_id_94350c0c_uniq" ON "auth_user_groups" ("user_id", "group_id");
CREATE INDEX IF NOT EXISTS "auth_user_groups_user_id_6a12ed8b" ON "auth_user_groups" ("user_id");
CREATE INDEX IF NOT EXISTS "auth_user_groups_group_id_97559544" ON "auth_user_groups" ("group_id");
CREATE UNIQUE INDEX "auth_user_user_permissions_user_id_permission_id_14a6b632_uniq" ON "auth_user_user_permissions" ("user_id", "permission_id");
CREATE INDEX IF NOT EXISTS "auth_user_user_permissions_user_id_a95ead1b" ON "auth_user_user_permissions" ("user_id");
CREATE INDEX IF NOT EXISTS "auth_user_user_permissions_permission_id_1fbb5f2c" ON "auth_user_user_permissions" ("permission_id");
CREATE INDEX IF NOT EXISTS "django_admin_log_content_type_id_c4bce8eb" ON "django_admin_log" ("content_type_id");
CREATE INDEX IF NOT EXISTS "django_admin_log_user_id_c564eba6" ON "django_admin_log" ("user_id");
CREATE UNIQUE INDEX "django_content_type_app_label_model_76bd3d3b_uniq" ON "django_content_type" ("app_label", "model");
CREATE UNIQUE INDEX "auth_permission_content_type_id_codename_01ab375a_uniq" ON "auth_permission" ("content_type_id", "codename");
CREATE INDEX IF NOT EXISTS "auth_permission_content_type_id_2f476e4b" ON "auth_permission" ("content_type_id");
CREATE INDEX IF NOT EXISTS "django_session_expire_date_a5c62663" ON "django_session" ("expire_date");
CREATE INDEX IF NOT EXISTS "expense_category_user_id_id_399a3ad6" ON "expense_category" ("user_id_id");
CREATE INDEX IF NOT EXISTS "expense_transaction_info_category_id_id_901c1c0a" ON "expense_transaction_info" ("category_id_id");
CREATE INDEX IF NOT EXISTS "expense_transaction_info_user_id_id_2b95f282" ON "expense_transaction_info" ("user_id_id");
CREATE INDEX IF NOT EXISTS "expense_money_info_user_id_id_a95d3669" ON "expense_money_info" ("user_id_id");
CREATE TABLE IF NOT EXISTS "django_admin_log" ("id" integer NOT NULL PRIMARY KEY AUTOINCREMENT, "action_time" datetime NOT NULL, "object_id" text NULL, "object_repr" varchar(200) NOT NULL, "change_message" text NOT NULL, "content_type_id" integer NULL REFERENCES "django_content_type" ("id") DEFERRABLE INITIALLY DEFERRED, "user_id" integer NOT NULL REFERENCES "auth_user" ("id") DEFERRABLE INITIALLY DEFERRED, "action_flag" smallint unsigned NOT NULL CHECK ("action_flag" >= 0));
INSERT INTO "django_admin_log" VALUES(1,'2021-06-01 16:07:49.354823','1','abc','[{"changed": {"fields": ["Password"]}}]',1,1,2);
INSERT INTO "django_admin_log" VALUES(2,'2021-06-01 16:08:49.992742','3','abc','',1,1,3);
INSERT INTO "django_admin_log" VALUES(3,'2021-06-01 16:08:56.033591','2','abc','',1,1,3);
INSERT INTO "django_admin_log" VALUES(4,'2021-06-01 16:42:15.896867','1','abc','[]',1,1,2);
INSERT INTO "django_admin_log" VALUES(5,'2021-06-01 17:12:50.074689','1','abc','[]',1,1,2);
INSERT INTO "django_admin_log" VALUES(6,'2021-06-02 07:01:35.975773','2','test','',5,1,3);
INSERT INTO "django_admin_log" VALUES(7,'2021-06-02 07:14:38.159480','3','test','',5,1,3);
INSERT INTO "django_admin_log" VALUES(8,'2021-06-02 07:14:38.350357','4','test1','',5,1,3);
INSERT INTO "django_admin_log" VALUES(9,'2021-06-02 07:17:17.216755','5','test1','',5,1,3);
INSERT INTO "django_admin_log" VALUES(10,'2021-06-02 10:08:50.713178','6','dashfvjafjasbkfabskfa','',5,1,3);
INSERT INTO "django_admin_log" VALUES(11,'2021-06-02 22:16:48.986334','1','category object (1)','[{"added": {}}]',8,1,1);
INSERT INTO "django_admin_log" VALUES(12,'2021-06-02 22:16:54.846267','1','category object (1)','[]',8,1,2);
INSERT INTO "django_admin_log" VALUES(13,'2021-06-02 22:18:15.342366','2','health','[{"added": {}}]',8,1,1);
INSERT INTO "django_admin_log" VALUES(14,'2021-06-02 22:18:33.116871','3','transportation','[{"added": {}}]',8,1,1);
INSERT INTO "django_admin_log" VALUES(15,'2021-06-02 22:18:48.160928','4','shopping','[{"added": {}}]',8,1,1);
INSERT INTO "django_admin_log" VALUES(16,'2021-06-02 22:18:54.901171','5','clothes','[{"added": {}}]',8,1,1);
INSERT INTO "django_admin_log" VALUES(17,'2021-06-02 22:19:01.978402','6','education','[{"added": {}}]',8,1,1);
INSERT INTO "django_admin_log" VALUES(18,'2021-06-02 22:19:10.919065','7','grocery','[{"added": {}}]',8,1,1);
INSERT INTO "django_admin_log" VALUES(19,'2021-06-02 22:19:20.750663','8','bills','[{"added": {}}]',8,1,1);
INSERT INTO "django_admin_log" VALUES(20,'2021-06-05 04:43:56.236448','3','transaction_info object (3)','[{"changed": {"fields": ["Amount"]}}]',9,1,2);
INSERT INTO "django_admin_log" VALUES(21,'2021-06-05 05:47:40.997279','2','education....test','[{"changed": {"fields": ["Added on"]}}]',9,1,2);
INSERT INTO "django_admin_log" VALUES(22,'2021-06-05 12:57:23.480234','2','test','',10,1,3);
INSERT INTO "django_admin_log" VALUES(23,'2021-06-05 12:57:47.556149','1','test','[{"changed": {"fields": ["Budget", "Currency"]}}]',10,1,2);
INSERT INTO "django_admin_log" VALUES(24,'2021-06-05 12:57:52.669598','1','test','[]',10,1,2);
INSERT INTO "django_admin_log" VALUES(25,'2021-06-07 05:43:06.251726','3','test','',10,1,3);
INSERT INTO "django_admin_log" VALUES(26,'2021-06-07 05:43:09.932186','1','test','',10,1,3);
INSERT INTO "django_admin_log" VALUES(27,'2021-06-07 05:44:01.498519','4','test','[{"changed": {"fields": ["Currency"]}}]',10,1,2);
CREATE UNIQUE INDEX "auth_group_permissions_group_id_permission_id_0cd325b0_uniq" ON "auth_group_permissions" ("group_id", "permission_id");
CREATE INDEX IF NOT EXISTS "auth_group_permissions_group_id_b120cbf9" ON "auth_group_permissions" ("group_id");
CREATE INDEX IF NOT EXISTS "auth_group_permissions_permission_id_84c5c92e" ON "auth_group_permissions" ("permission_id");
CREATE UNIQUE INDEX "auth_user_groups_user_id_group_id_94350c0c_uniq" ON "auth_user_groups" ("user_id", "group_id");
CREATE INDEX IF NOT EXISTS "auth_user_groups_user_id_6a12ed8b" ON "auth_user_groups" ("user_id");
CREATE INDEX IF NOT EXISTS "auth_user_groups_group_id_97559544" ON "auth_user_groups" ("group_id");
CREATE UNIQUE INDEX "auth_user_user_permissions_user_id_permission_id_14a6b632_uniq" ON "auth_user_user_permissions" ("user_id", "permission_id");
CREATE INDEX IF NOT EXISTS "auth_user_user_permissions_user_id_a95ead1b" ON "auth_user_user_permissions" ("user_id");
CREATE INDEX IF NOT EXISTS "auth_user_user_permissions_permission_id_1fbb5f2c" ON "auth_user_user_permissions" ("permission_id");
CREATE INDEX IF NOT EXISTS "django_admin_log_content_type_id_c4bce8eb" ON "django_admin_log" ("content_type_id");
CREATE INDEX IF NOT EXISTS "django_admin_log_user_id_c564eba6" ON "django_admin_log" ("user_id");
CREATE UNIQUE INDEX "django_content_type_app_label_model_76bd3d3b_uniq" ON "django_content_type" ("app_label", "model");
CREATE UNIQUE INDEX "auth_permission_content_type_id_codename_01ab375a_uniq" ON "auth_permission" ("content_type_id", "codename");
CREATE INDEX IF NOT EXISTS "auth_permission_content_type_id_2f476e4b" ON "auth_permission" ("content_type_id");
CREATE INDEX IF NOT EXISTS "django_session_expire_date_a5c62663" ON "django_session" ("expire_date");
CREATE INDEX IF NOT EXISTS "expense_category_user_id_id_399a3ad6" ON "expense_category" ("user_id_id");
CREATE INDEX IF NOT EXISTS "expense_transaction_info_category_id_id_901c1c0a" ON "expense_transaction_info" ("category_id_id");
CREATE INDEX IF NOT EXISTS "expense_transaction_info_user_id_id_2b95f282" ON "expense_transaction_info" ("user_id_id");
CREATE INDEX IF NOT EXISTS "expense_money_info_user_id_id_a95d3669" ON "expense_money_info" ("user_id_id");
CREATE TABLE IF NOT EXISTS "django_content_type" ("id" integer NOT NULL PRIMARY KEY AUTOINCREMENT, "app_label" varchar(100) NOT NULL, "model" varchar(100) NOT NULL);
INSERT INTO "django_content_type" VALUES(1,'expense','user');
INSERT INTO "django_content_type" VALUES(2,'admin','logentry');
INSERT INTO "django_content_type" VALUES(3,'auth','permission');
INSERT INTO "django_content_type" VALUES(4,'auth','group');
INSERT INTO "django_content_type" VALUES(5,'auth','user');
INSERT INTO "django_content_type" VALUES(6,'contenttypes','contenttype');
INSERT INTO "django_content_type" VALUES(7,'sessions','session');
INSERT INTO "django_content_type" VALUES(8,'expense','category');
INSERT INTO "django_content_type" VALUES(9,'expense','transaction_info');
INSERT INTO "django_content_type" VALUES(10,'expense','money_info');
CREATE UNIQUE INDEX "auth_group_permissions_group_id_permission_id_0cd325b0_uniq" ON "auth_group_permissions" ("group_id", "permission_id");
CREATE INDEX IF NOT EXISTS "auth_group_permissions_group_id_b120cbf9" ON "auth_group_permissions" ("group_id");
CREATE INDEX IF NOT EXISTS "auth_group_permissions_permission_id_84c5c92e" ON "auth_group_permissions" ("permission_id");
CREATE UNIQUE INDEX "auth_user_groups_user_id_group_id_94350c0c_uniq" ON "auth_user_groups" ("user_id", "group_id");
CREATE INDEX IF NOT EXISTS "auth_user_groups_user_id_6a12ed8b" ON "auth_user_groups" ("user_id");
CREATE INDEX IF NOT EXISTS "auth_user_groups_group_id_97559544" ON "auth_user_groups" ("group_id");
CREATE UNIQUE INDEX "auth_user_user_permissions_user_id_permission_id_14a6b632_uniq" ON "auth_user_user_permissions" ("user_id", "permission_id");
CREATE INDEX IF NOT EXISTS "auth_user_user_permissions_user_id_a95ead1b" ON "auth_user_user_permissions" ("user_id");
CREATE INDEX IF NOT EXISTS "auth_user_user_permissions_permission_id_1fbb5f2c" ON "auth_user_user_permissions" ("permission_id");
CREATE INDEX IF NOT EXISTS "django_admin_log_content_type_id_c4bce8eb" ON "django_admin_log" ("content_type_id");
CREATE INDEX IF NOT EXISTS "django_admin_log_user_id_c564eba6" ON "django_admin_log" ("user_id");
CREATE UNIQUE INDEX "django_content_type_app_label_model_76bd3d3b_uniq" ON "django_content_type" ("app_label", "model");
CREATE UNIQUE INDEX "auth_permission_content_type_id_codename_01ab375a_uniq" ON "auth_permission" ("content_type_id", "codename");
CREATE INDEX IF NOT EXISTS "auth_permission_content_type_id_2f476e4b" ON "auth_permission" ("content_type_id");
CREATE INDEX IF NOT EXISTS "django_session_expire_date_a5c62663" ON "django_session" ("expire_date");
CREATE INDEX IF NOT EXISTS "expense_category_user_id_id_399a3ad6" ON "expense_category" ("user_id_id");
CREATE INDEX IF NOT EXISTS "expense_transaction_info_category_id_id_901c1c0a" ON "expense_transaction_info" ("category_id_id");
CREATE INDEX IF NOT EXISTS "expense_transaction_info_user_id_id_2b95f282" ON "expense_transaction_info" ("user_id_id");
CREATE INDEX IF NOT EXISTS "expense_money_info_user_id_id_a95d3669" ON "expense_money_info" ("user_id_id");
CREATE TABLE IF NOT EXISTS "django_migrations" ("id" integer NOT NULL PRIMARY KEY AUTOINCREMENT, "app" varchar(255) NOT NULL, "name" varchar(255) NOT NULL, "applied" datetime NOT NULL);
INSERT INTO "django_migrations" VALUES(1,'contenttypes','0001_initial','2021-06-01 12:43:47.735756');
INSERT INTO "django_migrations" VALUES(2,'auth','0001_initial','2021-06-01 12:43:47.942816');
INSERT INTO "django_migrations" VALUES(3,'admin','0001_initial','2021-06-01 12:43:48.507999');
INSERT INTO "django_migrations" VALUES(4,'admin','0002_logentry_remove_auto_add','2021-06-01 12:43:48.627681');
INSERT INTO "django_migrations" VALUES(5,'admin','0003_logentry_add_action_flag_choices','2021-06-01 12:43:48.740379');
INSERT INTO "django_migrations" VALUES(6,'contenttypes','0002_remove_content_type_name','2021-06-01 12:43:48.859324');
INSERT INTO "django_migrations" VALUES(7,'auth','0002_alter_permission_name_max_length','2021-06-01 12:43:48.985029');
INSERT INTO "django_migrations" VALUES(8,'auth','0003_alter_user_email_max_length','2021-06-01 12:43:49.117711');
INSERT INTO "django_migrations" VALUES(9,'auth','0004_alter_user_username_opts','2021-06-01 12:43:49.215972');
INSERT INTO "django_migrations" VALUES(10,'auth','0005_alter_user_last_login_null','2021-06-01 12:43:49.341008');
INSERT INTO "django_migrations" VALUES(11,'auth','0006_require_contenttypes_0002','2021-06-01 12:43:49.440976');
INSERT INTO "django_migrations" VALUES(12,'auth','0007_alter_validators_add_error_messages','2021-06-01 12:43:49.553869');
INSERT INTO "django_migrations" VALUES(13,'auth','0008_alter_user_username_max_length','2021-06-01 12:43:49.678076');
INSERT INTO "django_migrations" VALUES(14,'auth','0009_alter_user_last_name_max_length','2021-06-01 12:43:49.803748');
INSERT INTO "django_migrations" VALUES(15,'auth','0010_alter_group_name_max_length','2021-06-01 12:43:49.928288');
INSERT INTO "django_migrations" VALUES(16,'auth','0011_update_proxy_permissions','2021-06-01 12:43:50.033490');
INSERT INTO "django_migrations" VALUES(17,'auth','0012_alter_user_first_name_max_length','2021-06-01 12:43:50.167819');
INSERT INTO "django_migrations" VALUES(18,'expense','0001_initial','2021-06-01 12:43:50.279679');
INSERT INTO "django_migrations" VALUES(19,'sessions','0001_initial','2021-06-01 12:43:50.476620');
INSERT INTO "django_migrations" VALUES(20,'expense','0002_auto_20210603_0337','2021-06-02 22:07:14.389855');
INSERT INTO "django_migrations" VALUES(21,'expense','0003_auto_20210605_1747','2021-06-05 12:17:37.043233');
INSERT INTO "django_migrations" VALUES(22,'expense','0004_auto_20210607_1735','2021-06-07 12:06:09.345757');
CREATE UNIQUE INDEX "auth_group_permissions_group_id_permission_id_0cd325b0_uniq" ON "auth_group_permissions" ("group_id", "permission_id");
CREATE INDEX IF NOT EXISTS "auth_group_permissions_group_id_b120cbf9" ON "auth_group_permissions" ("group_id");
CREATE INDEX IF NOT EXISTS "auth_group_permissions_permission_id_84c5c92e" ON "auth_group_permissions" ("permission_id");
CREATE UNIQUE INDEX "auth_user_groups_user_id_group_id_94350c0c_uniq" ON "auth_user_groups" ("user_id", "group_id");
CREATE INDEX IF NOT EXISTS "auth_user_groups_user_id_6a12ed8b" ON "auth_user_groups" ("user_id");
CREATE INDEX IF NOT EXISTS "auth_user_groups_group_id_97559544" ON "auth_user_groups" ("group_id");
CREATE UNIQUE INDEX "auth_user_user_permissions_user_id_permission_id_14a6b632_uniq" ON "auth_user_user_permissions" ("user_id", "permission_id");
CREATE INDEX IF NOT EXISTS "auth_user_user_permissions_user_id_a95ead1b" ON "auth_user_user_permissions" ("user_id");
CREATE INDEX IF NOT EXISTS "auth_user_user_permissions_permission_id_1fbb5f2c" ON "auth_user_user_permissions" ("permission_id");
CREATE INDEX IF NOT EXISTS "django_admin_log_content_type_id_c4bce8eb" ON "django_admin_log" ("content_type_id");
CREATE INDEX IF NOT EXISTS "django_admin_log_user_id_c564eba6" ON "django_admin_log" ("user_id");
CREATE UNIQUE INDEX "django_content_type_app_label_model_76bd3d3b_uniq" ON "django_content_type" ("app_label", "model");
CREATE UNIQUE INDEX "auth_permission_content_type_id_codename_01ab375a_uniq" ON "auth_permission" ("content_type_id", "codename");
CREATE INDEX IF NOT EXISTS "auth_permission_content_type_id_2f476e4b" ON "auth_permission" ("content_type_id");
CREATE INDEX IF NOT EXISTS "django_session_expire_date_a5c62663" ON "django_session" ("expire_date");
CREATE INDEX IF NOT EXISTS "expense_category_user_id_id_399a3ad6" ON "expense_category" ("user_id_id");
CREATE INDEX IF NOT EXISTS "expense_transaction_info_category_id_id_901c1c0a" ON "expense_transaction_info" ("category_id_id");
CREATE INDEX IF NOT EXISTS "expense_transaction_info_user_id_id_2b95f282" ON "expense_transaction_info" ("user_id_id");
CREATE INDEX IF NOT EXISTS "expense_money_info_user_id_id_a95d3669" ON "expense_money_info" ("user_id_id");
CREATE TABLE IF NOT EXISTS "django_session" ("session_key" varchar(40) NOT NULL PRIMARY KEY, "session_data" text NOT NULL, "expire_date" datetime NOT NULL);
INSERT INTO "django_session" VALUES('045qviq4nkjqvkh3x1bypafrj0ig66e5','.eJxVjDkOwjAUBe_iGlmO15iSnjNYfwMHUCLFSYW4O4mUAto3M--tCqxLLWuTuQysziqp0--GQE8Zd8APGO-Tpmlc5gH1ruiDNn2dWF6Xw_07qNDqVhNB7jgE6_ouUhJBkynfMnv0EAF9n2Ng1zkLtBE2kqJlH4wD6VGC-nwB9LY4Nw:1lqGFj:g6HAoUemYhKhBUbg-OhOs5QCo0sg7ZbSJzSvGYYO6w8','2021-06-21 14:29:19.778818');
CREATE UNIQUE INDEX "auth_group_permissions_group_id_permission_id_0cd325b0_uniq" ON "auth_group_permissions" ("group_id", "permission_id");
CREATE INDEX IF NOT EXISTS "auth_group_permissions_group_id_b120cbf9" ON "auth_group_permissions" ("group_id");
CREATE INDEX IF NOT EXISTS "auth_group_permissions_permission_id_84c5c92e" ON "auth_group_permissions" ("permission_id");
CREATE UNIQUE INDEX "auth_user_groups_user_id_group_id_94350c0c_uniq" ON "auth_user_groups" ("user_id", "group_id");
CREATE INDEX IF NOT EXISTS "auth_user_groups_user_id_6a12ed8b" ON "auth_user_groups" ("user_id");
CREATE INDEX IF NOT EXISTS "auth_user_groups_group_id_97559544" ON "auth_user_groups" ("group_id");
CREATE UNIQUE INDEX "auth_user_user_permissions_user_id_permission_id_14a6b632_uniq" ON "auth_user_user_permissions" ("user_id", "permission_id");
CREATE INDEX IF NOT EXISTS "auth_user_user_permissions_user_id_a95ead1b" ON "auth_user_user_permissions" ("user_id");
CREATE INDEX IF NOT EXISTS "auth_user_user_permissions_permission_id_1fbb5f2c" ON "auth_user_user_permissions" ("permission_id");
CREATE INDEX IF NOT EXISTS "django_admin_log_content_type_id_c4bce8eb" ON "django_admin_log" ("content_type_id");
CREATE INDEX IF NOT EXISTS "django_admin_log_user_id_c564eba6" ON "django_admin_log" ("user_id");
CREATE UNIQUE INDEX "django_content_type_app_label_model_76bd3d3b_uniq" ON "django_content_type" ("app_label", "model");
CREATE UNIQUE INDEX "auth_permission_content_type_id_codename_01ab375a_uniq" ON "auth_permission" ("content_type_id", "codename");
CREATE INDEX IF NOT EXISTS "auth_permission_content_type_id_2f476e4b" ON "auth_permission" ("content_type_id");
CREATE INDEX IF NOT EXISTS "django_session_expire_date_a5c62663" ON "django_session" ("expire_date");
CREATE INDEX IF NOT EXISTS "expense_category_user_id_id_399a3ad6" ON "expense_category" ("user_id_id");
CREATE INDEX IF NOT EXISTS "expense_transaction_info_category_id_id_901c1c0a" ON "expense_transaction_info" ("category_id_id");
CREATE INDEX IF NOT EXISTS "expense_transaction_info_user_id_id_2b95f282" ON "expense_transaction_info" ("user_id_id");
CREATE INDEX IF NOT EXISTS "expense_money_info_user_id_id_a95d3669" ON "expense_money_info" ("user_id_id");
CREATE TABLE IF NOT EXISTS "expense_category" ("category_id" integer NOT NULL PRIMARY KEY AUTOINCREMENT, "name" varchar(30) NOT NULL, "user_id_id" integer NOT NULL REFERENCES "auth_user" ("id") DEFERRABLE INITIALLY DEFERRED);
INSERT INTO "expense_category" VALUES(1,'food',1);
INSERT INTO "expense_category" VALUES(2,'health',1);
INSERT INTO "expense_category" VALUES(3,'transportation',1);
INSERT INTO "expense_category" VALUES(4,'shopping',1);
INSERT INTO "expense_category" VALUES(5,'clothes',1);
INSERT INTO "expense_category" VALUES(6,'education',1);
INSERT INTO "expense_category" VALUES(7,'grocery',1);
INSERT INTO "expense_category" VALUES(8,'bills',1);
INSERT INTO "expense_category" VALUES(9,'self development',7);
CREATE UNIQUE INDEX "auth_group_permissions_group_id_permission_id_0cd325b0_uniq" ON "auth_group_permissions" ("group_id", "permission_id");
CREATE INDEX IF NOT EXISTS "auth_group_permissions_group_id_b120cbf9" ON "auth_group_permissions" ("group_id");
CREATE INDEX IF NOT EXISTS "auth_group_permissions_permission_id_84c5c92e" ON "auth_group_permissions" ("permission_id");
CREATE UNIQUE INDEX "auth_user_groups_user_id_group_id_94350c0c_uniq" ON "auth_user_groups" ("user_id", "group_id");
CREATE INDEX IF NOT EXISTS "auth_user_groups_user_id_6a12ed8b" ON "auth_user_groups" ("user_id");
CREATE INDEX IF NOT EXISTS "auth_user_groups_group_id_97559544" ON "auth_user_groups" ("group_id");
CREATE UNIQUE INDEX "auth_user_user_permissions_user_id_permission_id_14a6b632_uniq" ON "auth_user_user_permissions" ("user_id", "permission_id");
CREATE INDEX IF NOT EXISTS "auth_user_user_permissions_user_id_a95ead1b" ON "auth_user_user_permissions" ("user_id");
CREATE INDEX IF NOT EXISTS "auth_user_user_permissions_permission_id_1fbb5f2c" ON "auth_user_user_permissions" ("permission_id");
CREATE INDEX IF NOT EXISTS "django_admin_log_content_type_id_c4bce8eb" ON "django_admin_log" ("content_type_id");
CREATE INDEX IF NOT EXISTS "django_admin_log_user_id_c564eba6" ON "django_admin_log" ("user_id");
CREATE UNIQUE INDEX "django_content_type_app_label_model_76bd3d3b_uniq" ON "django_content_type" ("app_label", "model");
CREATE UNIQUE INDEX "auth_permission_content_type_id_codename_01ab375a_uniq" ON "auth_permission" ("content_type_id", "codename");
CREATE INDEX IF NOT EXISTS "auth_permission_content_type_id_2f476e4b" ON "auth_permission" ("content_type_id");
CREATE INDEX IF NOT EXISTS "django_session_expire_date_a5c62663" ON "django_session" ("expire_date");
CREATE INDEX IF NOT EXISTS "expense_category_user_id_id_399a3ad6" ON "expense_category" ("user_id_id");
CREATE INDEX IF NOT EXISTS "expense_transaction_info_category_id_id_901c1c0a" ON "expense_transaction_info" ("category_id_id");
CREATE INDEX IF NOT EXISTS "expense_transaction_info_user_id_id_2b95f282" ON "expense_transaction_info" ("user_id_id");
CREATE INDEX IF NOT EXISTS "expense_money_info_user_id_id_a95d3669" ON "expense_money_info" ("user_id_id");
CREATE TABLE IF NOT EXISTS "expense_money_info" ("id" integer NOT NULL PRIMARY KEY AUTOINCREMENT, "budget" integer NOT NULL, "user_id_id" integer NOT NULL REFERENCES "auth_user" ("id") DEFERRABLE INITIALLY DEFERRED, "currency" varchar(20) NOT NULL);
INSERT INTO "expense_money_info" VALUES(4,30000,7,'fa fa-inr');
CREATE UNIQUE INDEX "auth_group_permissions_group_id_permission_id_0cd325b0_uniq" ON "auth_group_permissions" ("group_id", "permission_id");
CREATE INDEX IF NOT EXISTS "auth_group_permissions_group_id_b120cbf9" ON "auth_group_permissions" ("group_id");
CREATE INDEX IF NOT EXISTS "auth_group_permissions_permission_id_84c5c92e" ON "auth_group_permissions" ("permission_id");
CREATE UNIQUE INDEX "auth_user_groups_user_id_group_id_94350c0c_uniq" ON "auth_user_groups" ("user_id", "group_id");
CREATE INDEX IF NOT EXISTS "auth_user_groups_user_id_6a12ed8b" ON "auth_user_groups" ("user_id");
CREATE INDEX IF NOT EXISTS "auth_user_groups_group_id_97559544" ON "auth_user_groups" ("group_id");
CREATE UNIQUE INDEX "auth_user_user_permissions_user_id_permission_id_14a6b632_uniq" ON "auth_user_user_permissions" ("user_id", "permission_id");
CREATE INDEX IF NOT EXISTS "auth_user_user_permissions_user_id_a95ead1b" ON "auth_user_user_permissions" ("user_id");
CREATE INDEX IF NOT EXISTS "auth_user_user_permissions_permission_id_1fbb5f2c" ON "auth_user_user_permissions" ("permission_id");
CREATE INDEX IF NOT EXISTS "django_admin_log_content_type_id_c4bce8eb" ON "django_admin_log" ("content_type_id");
CREATE INDEX IF NOT EXISTS "django_admin_log_user_id_c564eba6" ON "django_admin_log" ("user_id");
CREATE UNIQUE INDEX "django_content_type_app_label_model_76bd3d3b_uniq" ON "django_content_type" ("app_label", "model");
CREATE UNIQUE INDEX "auth_permission_content_type_id_codename_01ab375a_uniq" ON "auth_permission" ("content_type_id", "codename");
CREATE INDEX IF NOT EXISTS "auth_permission_content_type_id_2f476e4b" ON "auth_permission" ("content_type_id");
CREATE INDEX IF NOT EXISTS "django_session_expire_date_a5c62663" ON "django_session" ("expire_date");
CREATE INDEX IF NOT EXISTS "expense_category_user_id_id_399a3ad6" ON "expense_category" ("user_id_id");
CREATE INDEX IF NOT EXISTS "expense_transaction_info_category_id_id_901c1c0a" ON "expense_transaction_info" ("category_id_id");
CREATE INDEX IF NOT EXISTS "expense_transaction_info_user_id_id_2b95f282" ON "expense_transaction_info" ("user_id_id");
CREATE INDEX IF NOT EXISTS "expense_money_info_user_id_id_a95d3669" ON "expense_money_info" ("user_id_id");
CREATE TABLE IF NOT EXISTS "expense_transaction_info" ("tr_id" integer NOT NULL PRIMARY KEY AUTOINCREMENT, "amount" integer NOT NULL, "note" varchar(500) NOT NULL, "added_on" date NOT NULL, "category_id_id" integer NOT NULL REFERENCES "expense_category" ("category_id") DEFERRABLE INITIALLY DEFERRED, "user_id_id" integer NOT NULL REFERENCES "auth_user" ("id") DEFERRABLE INITIALLY DEFERRED, "time" time NOT NULL);
INSERT INTO "expense_transaction_info" VALUES(7,900,'street food','2021-06-07',1,7,'19:57:33.427199');
CREATE UNIQUE INDEX "auth_group_permissions_group_id_permission_id_0cd325b0_uniq" ON "auth_group_permissions" ("group_id", "permission_id");
CREATE INDEX IF NOT EXISTS "auth_group_permissions_group_id_b120cbf9" ON "auth_group_permissions" ("group_id");
CREATE INDEX IF NOT EXISTS "auth_group_permissions_permission_id_84c5c92e" ON "auth_group_permissions" ("permission_id");
CREATE UNIQUE INDEX "auth_user_groups_user_id_group_id_94350c0c_uniq" ON "auth_user_groups" ("user_id", "group_id");
CREATE INDEX IF NOT EXISTS "auth_user_groups_user_id_6a12ed8b" ON "auth_user_groups" ("user_id");
CREATE INDEX IF NOT EXISTS "auth_user_groups_group_id_97559544" ON "auth_user_groups" ("group_id");
CREATE UNIQUE INDEX "auth_user_user_permissions_user_id_permission_id_14a6b632_uniq" ON "auth_user_user_permissions" ("user_id", "permission_id");
CREATE INDEX IF NOT EXISTS "auth_user_user_permissions_user_id_a95ead1b" ON "auth_user_user_permissions" ("user_id");
CREATE INDEX IF NOT EXISTS "auth_user_user_permissions_permission_id_1fbb5f2c" ON "auth_user_user_permissions" ("permission_id");
CREATE INDEX IF NOT EXISTS "django_admin_log_content_type_id_c4bce8eb" ON "django_admin_log" ("content_type_id");
CREATE INDEX IF NOT EXISTS "django_admin_log_user_id_c564eba6" ON "django_admin_log" ("user_id");
CREATE UNIQUE INDEX "django_content_type_app_label_model_76bd3d3b_uniq" ON "django_content_type" ("app_label", "model");
CREATE UNIQUE INDEX "auth_permission_content_type_id_codename_01ab375a_uniq" ON "auth_permission" ("content_type_id", "codename");
CREATE INDEX IF NOT EXISTS "auth_permission_content_type_id_2f476e4b" ON "auth_permission" ("content_type_id");
CREATE INDEX IF NOT EXISTS "django_session_expire_date_a5c62663" ON "django_session" ("expire_date");
CREATE INDEX IF NOT EXISTS "expense_category_user_id_id_399a3ad6" ON "expense_category" ("user_id_id");
CREATE INDEX IF NOT EXISTS "expense_transaction_info_category_id_id_901c1c0a" ON "expense_transaction_info" ("category_id_id");
CREATE INDEX IF NOT EXISTS "expense_transaction_info_user_id_id_2b95f282" ON "expense_transaction_info" ("user_id_id");
CREATE INDEX IF NOT EXISTS "expense_money_info_user_id_id_a95d3669" ON "expense_money_info" ("user_id_id");
